,precision,recall,f1-score,support
Clean,1.0,0.00684931506849315,0.013605442176870748,1168.0
Defect,0.12320483749055178,1.0,0.2193808882907133,163.0
accuracy,0.1284748309541698,0.1284748309541698,0.1284748309541698,0.1284748309541698
macro avg,0.5616024187452759,0.5034246575342466,0.11649316523379202,1331.0
weighted avg,0.8926238831787827,0.1284748309541698,0.03880559072424591,1331.0
